# episode	clip	example 1 English	example 1 Japanese	example 2 English	example 2 Japanese
2	1	Anyway, did you find my keys?	それより、私の鍵は見つかった？	Was there anything in the box?	箱に何か入ってた？
2	2	Can it be done today or not?	今日できるの、できないの？	It's not, not possible.	できなくはないよ。
2	3	You can't share this, okay?	これは共有しちゃダメだよ。	You can't tell anyone, okay?	誰にも言っちゃダメだよ。
2	4	Miracles are strange, right?	奇跡って不思議だよね。	Miracles are rare, right?	奇跡って珍しいよね。
2	5	I'm sorry to interrupt your lunch.	昼食中に邪魔してごめん。	I'm sorry to ruin your plans.	予定を台無しにしてごめん。
2	6	Let me treat you to coffee.	コーヒーをごちそうさせて。	Let me treat you to dinner.	夕食をごちそうさせて。
2	7	I'm happy it's helping someone.	誰かの役に立ってうれしい。	I'm happy it's helping you.	あなたの役に立ってうれしい。
2	8	I came to ask about the job.	仕事について聞きに来ました。	I came to ask about your friend.	あなたの友達について聞きに来ました。
2	9	I was wondering about the schedule.	予定について伺いたくて。	I was wondering about your idea.	あなたの考えを聞きたくて。
2	10	What business do you have here?	ここにはどんなご用件で？	What business did you have with him?	彼にはどんなご用件でしたか？
2	11	I may hate Mondays, but they hate me back.	月曜が嫌いだけど、向こうも僕が嫌いだろうね。	I may hate rain, but it hates me back.	雨が嫌いだけど、向こうも僕が嫌いみたい。
2	12	How did you end up here?	どうしてここに来たの？	How did you end up in Tokyo?	どうして東京に来たの？
2	13	How can you worry when you know the result?	結果が分かってるのに、どうして心配するの？	How can you laugh when you know it's sad?	悲しいと分かってるのに、どうして笑えるの？
2	14	People are watching!	みんな見てるよ！	People are waiting!	みんな待ってるよ！
2	15	Tastes like coffee.	コーヒーの味がする。	Tastes like mint.	ミントの味がする。
2	16	Call it a surprise.	サプライズと呼ぼう。	Call it practice.	練習だと思って。
2	17	It was obvious to me.	私には明らかだった。	It was obvious from the start.	最初から明らかだった。
2	18	How was it meeting him?	彼に会ってどうだった？	How was it seeing her again?	彼女にまた会ってどうだった？
2	19	If there was a replay button, I'd tap it.	再生ボタンがあれば押すのに。	If there was a like button, I'd tap it.	いいねボタンがあれば押すのに。
2	20	It's the first time I felt proud of myself.	自分を誇らしく思えたのは初めてだ。	It's the first time I felt at home here.	ここで居心地よく感じたのは初めてだ。
3	1	My place has bad Wi-Fi.	うちはWi-Fiが弱い。	My place has a small kitchen.	うちはキッチンが小さい。
3	2	My room is super quiet.	私の部屋はすごく静か。	My room is super cold.	私の部屋はすごく寒い。
3	3	That plan's hopeless.	その計画は無理だよ。	That guy's unbelievable.	あいつは信じられない。
3	4	This is the closest shop.	ここが一番近い店だよ。	This is the nicest room.	ここが一番いい部屋だよ。
3	5	You liar!	この嘘つき！	You pervert!	この変態！
3	6	What do you think I should say?	何と言えばいいと思う？	What do you think I should buy?	何を買えばいいと思う？
3	7	These are all signs of spring.	これらは全部、春の兆しだ。	These are all signs of progress.	これらは全部、進歩の証だ。
3	8	If you were younger, you'd enjoy it.	もっと若ければ楽しめるのに。	If you were older, you'd understand.	もっと年上なら分かるのに。
3	9	I should head home.	そろそろ帰るね。	I should get going.	そろそろ行くね。
3	10	I was about to take a break.	ちょうど休憩するところだった。	I was about to rest a little.	少し休むところだった。
3	11	You're approved. Welcome aboard.	採用です。ようこそ。	You're approved. Good luck!	合格です。頑張って！
3	12	Please have your form in by Friday.	金曜までに用紙を出してください。	Please have your report in by noon.	正午までに報告書を出してください。
3	13	My day changed because of you.	あなたのおかげで一日が変わった。	My life changed because of her.	彼女のおかげで人生が変わった。
3	14	To find out, you have to ask.	知りたければ聞くしかない。	To find out, you have to try.	知りたければ試すしかない。
3	15	I didn't recognize him.	彼だと分からなかった。	I didn't recognize your voice.	あなたの声だと分からなかった。
3	16	Do you mind if I sit here?	ここに座ってもいい？	Do you mind if we come in?	中に入ってもいい？
3	17	She's so damn funny.	彼女、すごく面白いね。	He's so damn kind.	彼、すごく優しいね。
3	18	He's in some training program.	彼は何かの研修に参加してる。	She's in some art program.	彼女は何かの美術プログラムに参加してる。
3	19	I wouldn't be able to say no.	私なら断れない。	I wouldn't be able to sleep.	私なら眠れない。
3	20	All hung up over a stranger.	見知らぬ人に夢中になって。	All hung up over one mistake.	たった一つのミスを引きずって。
3	21	What's this about moving away?	引っ越すってどういうこと？	What's this about quitting?	辞めるってどういうこと？
3	22	It's sentimental. My dad gave it to me.	思い出の品なの。父がくれた。	It's sentimental. I kept it for years.	思い出の品なの。何年も持ってる。
3	23	I'm impressed you can cook.	料理できるなんてすごいね。	I'm impressed you fixed it.	直せたなんてすごいね。
3	24	Cooking's beyond me, though.	料理は私には無理だけど。	Math's beyond me, though.	数学は私には無理だけど。
3	25	Must sound pretty strange.	かなり変に聞こえるよね。	Must sound pretty scary.	かなり怖く聞こえるよね。
3	26	That song has always calmed me.	あの歌はいつも私を落ち着かせてくれる。	Her voice has always calmed me.	彼女の声はいつも私を落ち着かせてくれる。
3	27	I guess the food was dirt cheap.	食事もすごく安かったんだろうね。	I guess the room was dirt cheap.	部屋もすごく安かったんだろうね。
3	28	I lost my temper and said too much.	カッとなって、言い過ぎた。	I lost my temper and walked out.	カッとなって、出て行った。
