# Display translations aligned with each English subtitle; original Japanese dialogue sometimes spans multiple English clips.
6	1	退院したばかりなんだから、家で休めないんですか？
6	2	命を懸けて、彼女を守ったんですよね。
6	3	二人が本当に愛し合っていたってことについて、ですか？
6	4	今さら彼女に話して、何になるの？
6	5	どうだろうね。その記憶が、彼女をさらに苦しめるかもしれない。
6	6	それに、話して何になるの？ 俺には何もしてあげられない。
6	7	ねえ、野口さん。どこかに留学していたことはあるの？
6	8	北海道から出たことすらありません。
6	9	それなら、いい先生に教わったんだね。
6	10	面白かったので、毎日読んでいたら、
6	11	やがて、意味が分かるようになりました。
6	12	そうして、英語が好きになりました。
6	13	今日から、リハビリが終わるまでの間、
6	14	あなたの専属運転手になります。
6	15	これぐらい、お手伝いさせてもらえませんか？
6	16	お返しにできることが、他に思いつかなくて。
6	17	充電器をどうぞ。
6	18	ひょっとして、懐中電灯と磁石もお持ちですか？
6	19	いつも準備は万全です。 ― 見れば分かります。
6	20	本当に、ピクニックに行くだけなんですよね？
6	21	それとも、俺が勘違いしているんですか？
6	22	スピーチコンテストはどうなったの？
6	23	断ったよ。
6	24	どうして？ 断る理由があるの？
6	25	海外で過ごしたこともないし、笑われるだけだよ。
6	26	うちの彼女の一番の欠点はね、自信がまったくないことだな。
6	27	「そんなことをしたら、みんなに笑われるよ。」
6	28	今行けば、最終便で帰ってこられるよ！
6	29	おかえりなさい。 ― 先に寝ていてもよかったのに。
6	30	その話は、それよりも大事なことなの？
6	31	お風呂に入ってくるね。
6	32	最高！ 昼前に小樽に着けるね。
6	33	小さい頃、そこによく行っていたの。
6	34	上のカフェで、いつもクリームソーダを頼んでいたの。
6	35	絶対に笑ったりしないよ。
6	36	すごくいいね！ 君にぴったりだよ。
6	37	自分で空を飛ぶって、どんな感じですか？
6	38	以前、パイロットだったと病院で聞きました。
6	39	一緒に来たお友達はどうしたの？
6	40	わあ、すごくおいしそう！
6	41	入学のお祝いに買ったけれど、渡せないままでした。
6	42	あっ、万年筆。
6	43	誰が何と言おうと、俺の気持ちは変えられません。
6	44	彼女のお父さんでさえ。
6	45	彼女のために、自然にいい男でありたいんです。
6	46	愛する人には、自分が持っている一番きれいなものをあげたい。
6	47	今は何も持っていないんですけどね。
6	48	私が生まれる前に、父は別の女性を妊娠させたの。
6	49	母は父を取り戻そうとして、私を妊娠したんだと思う。
6	50	父はいつも、守れない約束をしていたの。
6	51	前に進んだほうがいいことは、もう分かっているの。
6	52	でも、いつか彼を失うのが怖くて。
6	53	失敗したり傷ついたりする前に、いつも自分を止めようとしているの。
6	54	母親にうそをついて、その後一体どこにいたの？
6	55	俺が無理やり来させたんです。
6	56	明日も同じ時間で大丈夫ですか？
6	57	その後、ちょっと寄りたいところがあるんです。
6	58	お願いしてもいいですか？
6	59	こんなところまで来させてしまって、すみません。
6	60	どんな高校生でしたか？
6	61	ばかなことをたくさんしていました。
6	62	教えてください。結局、彼女を振り向かせられたんですか？
6	63	きっと、輝いていたんでしょうね。
6	64	今のあなたと同じように。
6	65	夢も、綴と暮らす生活も諦めました。
6	66	自分の未来には、何も期待していません。
