# episode	clip	English 1	Japanese 1	English 2	Japanese 2
9	1	Hey, wasn't today your birthday?	ねえ、今日は誕生日じゃなかった？	Hey, wasn't this your idea?	ねえ、これはあなたのアイデアじゃなかった？
9	2	I'm really into cooking, and I want to learn more.	料理にすごく夢中で、もっと学びたいんです。	She's really into hiking, and she wants to go again.	彼女はハイキングにすごく夢中で、また行きたがっています。
9	3	Sometimes I'll take a short break after lunch.	時々、昼食のあとに短い休憩を取ります。	Sometimes I'll explore a new city using a map.	時々、地図を使って初めての街を探検します。
9	4	I feel like I've visited Paris while sitting at home.	家に座っていながら、パリに行ったような気分です。	I feel like I've had a vacation while reading this book.	この本を読んでいると、休暇を過ごしたような気分です。
9	5	It's really not that hard to learn.	覚えるのは、実はそれほど難しくないよ。	It's really not that hard to make.	作るのは、実はそれほど難しくないよ。
9	6	You just need a friend to help you.	手伝ってくれる友達がいればいいんです。	You just need a quiet place to study.	勉強できる静かな場所があればいいんです。
9	7	A pen and some paper, and that's really about it.	ペンと紙、それくらいで十分です。	A warm coat and good shoes, and that's really about it.	暖かいコートと歩きやすい靴、それくらいで十分です。
9	8	Applying heat to this frozen pipe might help.	この凍った管を温めると、よくなるかもしれません。	Applying pressure to this stiff lid might loosen it.	この固いふたに力を加えると、緩むかもしれません。
9	9	What you need are your good ideas and some patience.	必要なのは、あなたのいいアイデアと少しの忍耐です。	What keeps me going are my small goals and some curiosity.	私を前に進ませるのは、小さな目標と少しの好奇心です。
9	10	It could be a new goal or the support of someone you trust.	新しい目標や、信頼する人の支えかもしれません。	It could be a warm meal or the company of someone you love.	温かい食事や、愛する人と一緒にいることかもしれません。
9	11	We could leave early. How about that?	早めに出発するのはどう？	Let's meet at the cafe. How about that?	カフェで会うのはどう？
9	12	Buckle up. We're leaving now.	シートベルトをして。もう出発するよ。	Buckle up before we start driving.	運転を始める前に、シートベルトをしてね。
9	13	That sounds kind of expensive.	それは、ちょっと高そうだね。	That sounds kind of complicated.	それは、ちょっと複雑そうだね。
9	14	When I was younger, I wanted to be a chef.	若い頃は、料理人になりたかったんです。	When she was younger, she wanted to be a pilot.	彼女は若い頃、パイロットになりたかったんです。
9	15	There aren't many who can work from anywhere.	どこでも仕事ができる人は、そう多くありません。	There aren't many who can turn a hobby into a career.	趣味を仕事にできる人は、そう多くありません。
9	16	You don't need to dress how your friends want you to.	友達が望むような服装をする必要はないよ。	You don't need to work how your old boss wanted you to.	以前の上司が望んだやり方で働く必要はないよ。
9	17	Remember that it will always teach you something.	そこからは、必ず何か学べると覚えておいてね。	Remember that your effort will always have some value.	あなたの努力には、必ず何かの価値があると覚えておいてね。
9	18	Whatever I did, no matter how much I practiced, I felt nervous.	何をしても、どれだけ練習しても、緊張しました。	Whatever she did, no matter how much she tried, the door stayed shut.	何をしても、どれだけ頑張っても、ドアは開きませんでした。
9	19	I still miss that place.	今でも、あの場所が恋しいです。	I still remember your advice.	今でも、あなたの助言を覚えています。
9	20	Even if you choose something else, I'll support you.	別のものを選んでも、あなたを応援するよ。	Even if you move somewhere else, we'll stay in touch.	別の場所に引っ越しても、連絡を取り合おうね。
9	21	I like the you who's full of ideas.	アイデアにあふれているあなたが好きです。	I like the you who's excited about learning.	学ぶことにわくわくしているあなたが好きです。
9	22	He kept lying to me, so I kicked him to the curb.	彼はうそをつき続けたので、別れました。	She treated him badly, so he kicked her to the curb.	彼女が彼をひどく扱ったので、彼は別れました。
9	23	Could you give me directions to the station?	駅までの道を教えていただけますか？	Could you give me directions to the museum?	美術館までの道を教えていただけますか？
9	24	What kind of weather is it there?	そちらは、どんな天気ですか？	What kind of event is it?	それは、どんなイベントですか？
9	25	What kind of music do you like?	どんな音楽が好きですか？	What kind of books do you read?	どんな本を読みますか？
9	26	My God, how beautiful!	わあ、なんてきれいなんだろう！	My God, how crowded!	うわあ、なんて混んでいるんだろう！
9	27	The manager really said that to one of his best employees.	部長は、本当に優秀な社員の一人にそんなことを言ったんです。	The coach really said that to one of her hardest workers.	コーチは、本当に一番努力している選手の一人にそんなことを言ったんです。
9	28	He smiled when she called for the first time since leaving.	彼女が出発してから初めて電話してきたとき、彼は笑顔になりました。	I felt nervous when I spoke for the first time since joining.	参加してから初めて発言したとき、緊張しました。
9	29	I have decided to fill my notebook with ideas.	ノートをアイデアで埋めることにしました。	I have decided to fill my weekends with small adventures.	週末を小さな冒険でいっぱいにすることにしました。
9	30	I filled the box with the precious letters from my family.	家族からの大切な手紙で、その箱をいっぱいにしました。	She filled the album with the treasured photos from her trip.	彼女は、旅行の大切な写真でアルバムをいっぱいにしました。
9	31	To be honest, I was nothing but nervous before the interview.	正直に言うと、面接の前は緊張ばかりしていました。	To be honest, it was nothing but trouble before we fixed it.	正直に言うと、修理するまでは問題ばかりでした。
9	32	I'm so embarrassed about my silly mistake!	自分のばかな間違いが、すごく恥ずかしいです！	I'm so embarrassed for my rude friend!	友達の失礼な態度に、こちらまで恥ずかしくなります！
9	33	He was made fun of for his accent.	彼は、なまりをからかわれました。	She was made fun of for her clothes.	彼女は、服装をからかわれました。
9	34	My friend begged me to at least try the soup.	友達は、せめてスープだけでも飲んでと懇願しました。	My parents begged me to at least call once a week.	両親は、せめて週に一度は電話してと懇願しました。
9	35	On the busiest day I'd ever had, my car broke down.	これまでで一番忙しい日に、車が故障しました。	On the coldest morning I'd ever experienced, we went hiking.	これまでで一番寒い朝に、私たちはハイキングに出かけました。
9	36	I had the best meal of my life.	人生で一番おいしい食事をしました。	She had the most exciting trip of her life.	彼女は、人生で一番わくわくする旅行をしました。
9	37	I fell instantly in love with this town.	この町が、一瞬で大好きになりました。	She fell instantly in love with the little dog.	彼女は、その小さな犬に一瞬で夢中になりました。
9	38	It was surprisingly easy.	驚くほど簡単でした。	It was unbelievably quiet.	信じられないほど静かでした。
9	39	The shop I was looking for was about to close.	探していた店が、ちょうど閉まるところでした。	The bus we were waiting for was about to leave.	待っていたバスが、ちょうど出発するところでした。
9	40	I went to the office in a terrible mood.	ひどく嫌な気分で、会社に行きました。	She went to the meeting in a cheerful mood.	彼女は、明るい気分で会議に行きました。
9	41	To my surprise, I found my keys there.	驚いたことに、そこに鍵がありました。	To my surprise, I found an old friend there.	驚いたことに、そこに古い友達がいました。
9	42	I understood it right then.	その瞬間に、理解しました。	She decided it right then.	彼女は、その瞬間に決めました。
9	43	I knew that this was my chance.	これが自分のチャンスだと分かりました。	I realized that this was a mistake.	これは間違いだったと気づきました。
9	44	In that moment, I knew where I had to go.	その瞬間に、行くべき場所が分かりました。	In that moment, she knew what she had to say.	その瞬間に、彼女は何を言うべきか分かりました。
9	45	From that day forward, I practiced so hard, my hands ached.	その日から、手が痛くなるほど一生懸命練習しました。	From that day forward, she worked so hard, she barely rested.	その日から、彼女はほとんど休まないほど一生懸命働きました。
9	46	My friends told me to take their advice and get some rest.	友達は、助言を聞いて少し休むように言いました。	My coach told me to take her advice and slow down.	コーチは、助言を聞いてペースを落とすように言いました。
9	47	Everyone said it was a success.	みんな、成功だったと言いました。	Everyone said it was a great idea.	みんな、素晴らしいアイデアだと言いました。
9	48	This is my favorite place.	ここが、私の一番好きな場所です。	This is my greatest achievement.	これが、私の一番の成果です。
9	49	This is the story of my first trip abroad.	これは、初めての海外旅行の話です。	This is the story of our little cafe.	これは、私たちの小さなカフェの話です。
9	50	That day, you gave me a reason to smile.	あの日、あなたは私が笑顔になる理由をくれました。	That day, she gave me a reason to try again.	あの日、彼女は私がもう一度挑戦する理由をくれました。
9	51	You taught me the steps I needed to take.	あなたは、私が踏むべき手順を教えてくれました。	She showed me the road I needed to follow.	彼女は、私が進むべき道を示してくれました。
9	52	My dream is to open a small cafe.	私の夢は、小さなカフェを開くことです。	Her dream is to make people laugh.	彼女の夢は、人々を笑わせることです。
9	53	If we ever work together again, let's try this idea.	いつかまた一緒に働くことがあったら、このアイデアを試そう。	If you ever visit again, I'll show you around.	いつかまた来ることがあったら、案内するよ。
9	54	I'd love to hear your ideas next.	今度は、あなたのアイデアをぜひ聞きたいです。	I'd love to see your photos next.	今度は、あなたの写真をぜひ見たいです。
9	55	Will you be taking the train?	電車で行かれますか？	Will you be bringing any guests?	どなたかお連れになりますか？
